{"bumptech-glide":{"averageCommitSizeMetricResult":614.394913458142,"averageFileSizeMetricResult":90.73299748110831,"commitCountMetricResult":2831,"contributorEntropyMetricResult":1.302283432318699,"linesOfCodeMetricResult":108063,"numberOfBranchesMetricResult":67,"numberOfContributorsMetricResult":62,"numberOfFilesMetricResult":1191,"projectDurationMetricResult":323307288,"graphSize":4590.8372704806325,"complexity":12199.583882392943,"coupling":7782.771767106184,"cohesion":4.5102153190541985E-4,"projectName":"bumptech-glide"},"zxing-zxing":{"averageCommitSizeMetricResult":3007.5409880564603,"averageFileSizeMetricResult":19.6313525141167,"commitCountMetricResult":3684,"contributorEntropyMetricResult":2.0964348619415567,"linesOfCodeMetricResult":73009,"numberOfBranchesMetricResult":1,"numberOfContributorsMetricResult":98,"numberOfFilesMetricResult":3719,"projectDurationMetricResult":483045276,"graphSize":254.0838499786228,"complexity":875.1159297514919,"coupling":883.0482164455057,"cohesion":-0.010676006250711209,"projectName":"zxing-zxing"},"Blankj-AndroidUtilCode":{"averageCommitSizeMetricResult":877.6979020979021,"averageFileSizeMetricResult":91.15198863636364,"commitCountMetricResult":1430,"contributorEntropyMetricResult":0.8733233707192497,"linesOfCodeMetricResult":64171,"numberOfBranchesMetricResult":2,"numberOfContributorsMetricResult":37,"numberOfFilesMetricResult":704,"projectDurationMetricResult":196893518,"graphSize":288.4228653433368,"complexity":566.8927570651149,"coupling":571.9296894481372,"cohesion":-0.0031285868600456,"projectName":"Blankj-AndroidUtilCode"},"apache-dubbo":{"averageCommitSizeMetricResult":2134.4736842105262,"averageFileSizeMetricResult":93.43589102724319,"commitCountMetricResult":6384,"contributorEntropyMetricResult":2.318299862650294,"linesOfCodeMetricResult":373837,"numberOfBranchesMetricResult":8,"numberOfContributorsMetricResult":63,"numberOfFilesMetricResult":4001,"projectDurationMetricResult":358510750,"graphSize":5759.950332830546,"complexity":23684.866597090957,"coupling":23586.334403988534,"cohesion":-5.115259053464508E-4,"projectName":"apache-dubbo"},"square-picasso":{"averageCommitSizeMetricResult":150.16496163682865,"averageFileSizeMetricResult":0.22613065326633167,"commitCountMetricResult":1564,"contributorEntropyMetricResult":2.764733304760804,"linesOfCodeMetricResult":45,"numberOfBranchesMetricResult":30,"numberOfContributorsMetricResult":112,"numberOfFilesMetricResult":199,"projectDurationMetricResult":309451126,"graphSize":0.0,"complexity":0.0,"coupling":0.0,"cohesion":"NaN","projectName":"square-picasso"},"square-retrofit":{"averageCommitSizeMetricResult":180.47731755424064,"averageFileSizeMetricResult":92.77915632754342,"commitCountMetricResult":2028,"contributorEntropyMetricResult":2.6763486905898897,"linesOfCodeMetricResult":37390,"numberOfBranchesMetricResult":17,"numberOfContributorsMetricResult":145,"numberOfFilesMetricResult":403,"projectDurationMetricResult":394665868,"graphSize":989.9404480871245,"complexity":2243.9608753860575,"coupling":1183.397601137439,"cohesion":0.0022424193558760424,"projectName":"square-retrofit"},"square-leakcanary":{"averageCommitSizeMetricResult":823.3255467196819,"averageFileSizeMetricResult":0.27,"commitCountMetricResult":2012,"contributorEntropyMetricResult":1.9151028386934243,"linesOfCodeMetricResult":162,"numberOfBranchesMetricResult":159,"numberOfContributorsMetricResult":103,"numberOfFilesMetricResult":600,"projectDurationMetricResult":248420878,"graphSize":0.0,"complexity":0.0,"coupling":0.0,"cohesion":0.0,"projectName":"square-leakcanary"},"google-guava":{"averageCommitSizeMetricResult":1956.0100603621731,"averageFileSizeMetricResult":242.47670472076518,"commitCountMetricResult":5964,"contributorEntropyMetricResult":1.9922288714950254,"linesOfCodeMetricResult":785867,"numberOfBranchesMetricResult":22,"numberOfContributorsMetricResult":26,"numberOfFilesMetricResult":3241,"projectDurationMetricResult":433493553,"graphSize":8801.394101574002,"complexity":25583.49230476612,"coupling":8869.868301019509,"cohesion":0.0013304313665481583,"projectName":"google-guava"},"facebook-fresco":{"averageCommitSizeMetricResult":2011.215961098398,"averageFileSizeMetricResult":42.03039943442913,"commitCountMetricResult":3496,"contributorEntropyMetricResult":1.2554256860516613,"linesOfCodeMetricResult":118904,"numberOfBranchesMetricResult":13,"numberOfContributorsMetricResult":25,"numberOfFilesMetricResult":2829,"projectDurationMetricResult":252020001,"graphSize":10.667902310015943,"complexity":0.0,"coupling":0.0,"cohesion":0.0,"projectName":"facebook-fresco"},"square-okhttp":{"averageCommitSizeMetricResult":331.5454375117107,"averageFileSizeMetricResult":32.58029689608637,"commitCountMetricResult":5337,"contributorEntropyMetricResult":2.324955256934259,"linesOfCodeMetricResult":24142,"numberOfBranchesMetricResult":56,"numberOfContributorsMetricResult":190,"numberOfFilesMetricResult":741,"projectDurationMetricResult":372395328,"graphSize":123.41630772300732,"complexity":65.8088831395933,"coupling":2.754887502163469,"cohesion":0.0030872212423996006,"projectName":"square-okhttp"},"airbnb-lottie-android":{"averageCommitSizeMetricResult":605.1107404936624,"averageFileSizeMetricResult":19.74337748344371,"commitCountMetricResult":1499,"contributorEntropyMetricResult":1.2760961275996507,"linesOfCodeMetricResult":23850,"numberOfBranchesMetricResult":42,"numberOfContributorsMetricResult":9,"numberOfFilesMetricResult":1208,"projectDurationMetricResult":205367287,"graphSize":1554.0631911885853,"complexity":7372.018044404205,"coupling":4668.11535318908,"cohesion":0.0033493208207122606,"projectName":"airbnb-lottie-android"},"JakeWharton-butterknife":{"averageCommitSizeMetricResult":138.23917322834646,"averageFileSizeMetricResult":66.1440329218107,"commitCountMetricResult":1016,"contributorEntropyMetricResult":2.155922293112578,"linesOfCodeMetricResult":16073,"numberOfBranchesMetricResult":4,"numberOfContributorsMetricResult":78,"numberOfFilesMetricResult":243,"projectDurationMetricResult":236711099,"graphSize":304.0090376146635,"complexity":453.99382810206606,"coupling":30.83122541637681,"cohesion":0.017958713812259868,"projectName":"JakeWharton-butterknife"},"PhilJay-MPAndroidChart":{"averageCommitSizeMetricResult":303.7429951690821,"averageFileSizeMetricResult":111.06735751295336,"commitCountMetricResult":2070,"contributorEntropyMetricResult":1.3271916942214115,"linesOfCodeMetricResult":42872,"numberOfBranchesMetricResult":6,"numberOfContributorsMetricResult":77,"numberOfFilesMetricResult":386,"projectDurationMetricResult":225845231,"graphSize":1727.991037207789,"complexity":11005.961763227164,"coupling":8998.93779082535,"cohesion":9.122361242564292E-4,"projectName":"PhilJay-MPAndroidChart"},"greenrobot-EventBus":{"averageCommitSizeMetricResult":95.32363636363637,"averageFileSizeMetricResult":56.4,"commitCountMetricResult":550,"contributorEntropyMetricResult":1.3383972649945397,"linesOfCodeMetricResult":7896,"numberOfBranchesMetricResult":11,"numberOfContributorsMetricResult":28,"numberOfFilesMetricResult":140,"projectDurationMetricResult":315181563,"graphSize":17.65148445440323,"complexity":19.019550008653876,"coupling":11.01955000865388,"cohesion":-0.025066947739144516,"projectName":"greenrobot-EventBus"},"nostra13-Android-Universal-Image-Loader":{"averageCommitSizeMetricResult":111.80635838150289,"averageFileSizeMetricResult":94.5578231292517,"commitCountMetricResult":1038,"contributorEntropyMetricResult":0.48236315279475933,"linesOfCodeMetricResult":13900,"numberOfBranchesMetricResult":3,"numberOfContributorsMetricResult":42,"numberOfFilesMetricResult":147,"projectDurationMetricResult":263783100,"graphSize":110.0391000173078,"complexity":387.2474997398283,"coupling":381.2474997398283,"cohesion":-0.01273304606477858,"projectName":"nostra13-Android-Universal-Image-Loader"},"skylot-jadx":{"averageCommitSizeMetricResult":887.8372827804108,"averageFileSizeMetricResult":79.54556427278213,